Gender,Hemoglobin,MCH,MCHC,MCV,Result
0,13.9,30.2,34.6,89.5,0
1,16.0,30.9,34.9,85.9,0
1,16.9,32.6,35.3,94.1,0
1,11.0,36.9,33.3,110.7,1
0,12.5,38.0,33.0,113.4,1
0,14.7,30.4,32.6,91.7,0
0,9.2,21.4,28.6,75.5,1
1,14.5,26.1,32.7,79.0,1
1,9.8,32.0,31.8,100.2,1
1,16.4,26.9,33.9,79.0,0
0,14.1,30.4,33.4,92.2,0
1,16.1,30.6,33.2,92.8,0
1,11.8,20.6,28.8,74.2,1
0,13.0,26.8,34.2,79.6,0
0,13.8,28.3,33.2,83.9,0
0,13.0,27.6,34.0,82.5,0
0,8.4,20.7,28.9,74.7,1
1,13.2,30.8,36.1,84.4,0
0,10.8,22.6,28.1,77.5,1
0,9.8,25.8,34.6,73.2,1
1,14.0,26.4,33.1,80.3,0
0,14.5,19.5,31.0,62.4,1
0,11.6,30.2,33.8,89.0,0
0,10.7,21.2,28.4,72.7,1
0,13.8,28.5,33.5,85.9,0
1,11.0,37.0,34.8,105.5,1
0,10.1,20.5,31.4,66.3,1
1,11.1,22.1,29.9,75.8,1
1,15.0,19.7,28.6,65.0,1
0,14.2,29.2,33.5,87.8,0
1,12.6,21.0,30.0,71.3,1
0,9.7,24.0,29.5,82.2,1
0,14.7,28.1,32.6,83.9,0
1,14.4,28.9,34.2,86.6,0
1,10.2,23.0,28.2,80.0,1
1,12.5,26.1,32.0,83.2,1
0,9.5,19.8,30.4,67.6,1
0,13.3,35.3,35.0,100.6,0
1,12.8,33.1,30.5,108.8,1
0,14.6,26.0,32.4,82.7,0
0,11.0,23.2,30.4,78.2,1
0,12.7,31.6,34.9,89.0,0
0,13.1,24.7,31.2,78.9,1
1,10.4,20.9,29.4,68.0,1
0,11.5,30.6,32.9,92.7,0
1,11.2,19.2,30.1,62.3,1
0,12.8,30.8,34.6,90.4,0
1,10.4,29.3,33.1,90.2,1
1,12.0,21.9,30.7,70.9,1
0,15.4,28.8,33.2,86.6,0
1,14.0,22.4,30.1,74.2,1
1,12.1,35.8,35.1,101.4,1
1,12.8,30.1,31.1,95.0,0
1,16.1,28.2,32.4,87.5,0
1,11.9,37.7,33.8,109.8,1
1,13.4,41.5,34.9,119.5,1
0,10.4,23.8,30.6,76.9,1
0,10.2,28.5,30.7,95.5,1
0,14.0,30.6,34.4,87.2,0
0,9.9,23.9,32.1,75.9,1
0,11.5,29.2,32.9,86.6,0
0,12.9,27.6,33.7,82.7,0
1,14.2,28.8,33.0,87.5,0
0,14.1,28.4,33.1,85.9,0
0,11.1,30.9,33.7,92.5,0
1,14.8,32.2,34.7,93.6,0
0,8.5,19.5,29.8,68.3,1
1,12.9,30.4,32.4,92.7,0
0,12.9,30.6,35.0,85.5,0
1,13.3,30.7,32.9,92.6,0
1,14.7,27.5,34.7,79.9,0
0,14.4,29.9,31.9,94.1,0
0,14.7,29.8,32.1,94.8,0
1,16.6,28.5,34.3,82.5,0
1,14.1,22.3,30.8,73.1,1
1,13.8,25.5,30.5,80.9,1
1,16.4,27.5,33.5,83.2,0
0,14.5,29.1,30.8,93.6,0
0,10.2,22.4,30.2,72.2,1
0,10.6,30.9,34.6,86.8,0
1,14.1,29.3,34.1,87.4,0
1,15.1,29.9,33.9,88.0,0
0,14.7,32.5,33.6,95.1,0
0,14.8,30.9,33.9,90.7,0
0,15.0,27.2,31.5,86.4,0
0,14.6,30.0,33.3,92.1,0
1,13.1,29.0,33.6,84.9,0
1,15.5,27.8,32.3,84.7,0
1,10.1,24.2,33.2,71.6,1
0,12.3,30.5,35.0,89.5,1
0,11.9,24.6,33.6,74.3,1
1,13.0,23.7,29.5,80.5,1
1,14.3,28.9,34.7,84.3,0
1,17.7,27.7,31.2,87.7,0
1,14.8,31.6,34.3,90.3,0
0,9.3,17.8,28.7,61.7,1
1,10.8,31.5,30.6,104.2,1
0,13.7,30.0,33.4,91.1,0
0,12.2,20.8,28.4,74.6,1
0,12.9,27.9,34.4,82.0,0
0,11.0,23.9,31.3,76.2,1
1,14.4,27.9,32.8,86.5,0
0,13.3,30.3,32.9,90.5,0
0,14.4,27.9,32.5,86.7,0
1,18.2,32.2,35.1,92.5,0
0,13.9,30.1,35.4,85.6,0
0,13.1,31.7,34.6,90.0,0
1,11.0,32.7,33.3,95.8,1
0,12.9,34.0,36.0,92.8,0
0,14.2,26.5,33.1,80.4,0
0,9.7,26.6,32.3,85.4,1
0,10.4,21.0,30.3,70.5,1
1,16.4,32.5,36.4,90.0,0
1,15.9,26.9,33.5,81.8,0
1,13.4,28.1,30.1,93.0,0
1,16.1,27.6,33.2,81.8,0
1,9.3,32.5,33.9,96.5,1
0,13.3,28.5,34.5,80.5,0
1,16.5,30.3,33.5,90.9,0
1,10.8,26.3,33.7,79.0,1
1,14.4,26.1,30.0,85.3,0
1,13.0,27.6,31.0,88.5,0
0,14.0,31.0,35.3,86.9,0
0,13.0,28.5,33.9,86.1,1
0,11.5,30.5,34.1,89.1,0
0,10.2,22.5,33.7,70.1,1
1,15.3,32.3,35.2,89.6,0
1,14.8,28.2,32.2,88.5,0
0,10.6,26.8,32.7,84.0,1
1,11.0,23.4,31.9,71.9,1
0,15.8,31.6,34.1,93.0,0
0,11.1,22.4,31.2,70.5,1
0,11.3,23.4,31.2,73.7,1
0,13.3,31.3,34.2,92.5,0
1,15.5,30.2,31.6,93.9,0
0,11.0,20.2,29.3,68.7,1
1,15.7,27.4,33.0,83.4,0
1,10.8,24.1,30.9,77.4,1
0,10.5,32.5,36.2,91.1,1
1,14.6,32.7,34.6,93.5,0
1,16.1,30.4,35.2,85.5,0
0,11.2,22.6,32.0,71.2,1
0,12.1,31.9,33.8,93.6,0
0,11.4,22.6,31.0,70.9,1
0,13.8,29.7,33.7,90.1,0
0,11.4,22.5,29.8,76.1,1
1,14.1,27.0,30.8,87.6,0
0,12.1,20.0,28.4,67.5,1
0,15.3,28.0,33.4,86.2,0
0,14.0,28.7,31.5,91.2,0
1,13.9,31.5,34.5,91.2,0
0,10.7,32.8,31.5,106.4,1
0,12.5,23.7,30.0,76.3,1
0,12.8,33.3,35.3,94.0,0
1,15.3,25.0,31.5,80.1,0
0,14.2,25.8,31.5,84.4,0
1,13.0,20.7,28.9,73.3,1
1,13.4,28.1,33.3,83.8,0
0,13.6,29.7,33.4,86.9,0
1,14.5,26.2,32.3,84.2,0
0,13.8,29.6,35.2,83.0,0
1,15.8,28.8,32.3,89.3,0
1,15.0,31.1,33.7,90.7,0
1,10.1,23.8,29.9,78.5,1
0,11.4,28.5,33.2,86.3,0
1,13.2,21.3,29.4,70.0,1
0,12.2,33.8,35.1,96.8,0
0,15.0,26.6,32.4,84.0,0
0,9.5,22.3,30.8,71.5,1
1,10.6,34.2,36.1,95.3,1
1,12.0,37.3,33.9,109.1,1
0,14.3,29.3,32.4,89.3,0
1,15.0,29.0,34.2,82.7,0
0,11.8,21.9,30.6,72.5,1
1,15.5,31.3,33.8,93.0,0
0,13.9,29.4,34.4,84.9,0
1,14.9,32.2,34.4,94.9,0
0,11.1,29.5,33.9,87.3,0
1,12.8,29.4,33.6,85.4,1
0,14.7,26.9,34.3,78.9,0
0,12.3,33.0,34.3,96.1,0
0,13.5,29.2,33.4,85.0,0
1,13.8,30.6,34.5,87.7,0
1,14.9,28.9,33.5,87.2,0
0,15.6,32.9,34.4,95.7,0
1,15.2,31.1,35.2,85.1,0
1,8.1,29.7,33.2,89.7,1
1,14.9,27.3,31.8,86.2,0
1,15.5,30.5,33.1,91.2,0
0,10.3,32.7,37.0,87.9,1
0,10.2,19.2,28.8,64.4,1
1,14.6,29.6,32.9,91.9,0
1,15.7,28.1,31.3,90.0,0
1,13.8,31.3,34.1,90.6,0
0,10.6,23.9,28.1,83.9,1
0,11.8,22.2,28.5,76.3,1
1,11.1,28.5,33.5,84.9,1
1,15.2,31.9,35.4,89.1,0
1,11.8,31.1,35.1,89.9,1
1,15.1,28.3,31.9,89.3,0
1,13.3,29.6,33.9,87.8,0
0,13.3,29.5,33.6,88.9,0
0,10.3,24.0,30.7,77.3,1
1,14.1,30.5,34.8,86.7,0
1,11.0,21.9,31.7,67.6,1
0,12.7,30.2,34.6,84.6,0
0,12.5,28.8,31.9,92.0,0
1,12.6,32.9,35.7,92.9,0
0,13.5,25.8,33.7,76.6,0
0,7.4,38.1,33.9,111.2,1
1,11.7,27.3,31.7,86.5,0
1,12.8,29.2,34.3,85.2,1
1,10.2,34.7,34.2,102.1,1
0,10.0,29.6,33.4,87.3,1
1,13.7,30.2,33.1,91.5,0
0,15.9,27.6,33.0,82.6,0
0,14.3,27.6,31.2,91.0,0
1,11.7,20.0,30.3,67.9,1
1,9.0,22.4,30.2,72.9,1
1,15.1,28.3,32.2,86.8,0
1,13.9,35.5,36.5,96.9,1
1,14.1,29.5,32.5,92.3,0
0,9.5,21.3,31.6,66.1,1
0,12.5,26.3,31.8,81.9,0
0,11.3,24.7,33.0,75.8,1
0,12.8,25.5,33.7,77.4,0
1,10.1,28.6,34.1,86.0,1
0,8.1,19.2,28.5,70.5,1
1,12.5,30.5,35.3,86.0,1
1,13.8,30.7,34.2,88.0,0
1,14.1,30.3,35.8,85.1,0
0,12.4,28.1,32.3,88.7,0
1,14.7,30.8,35.4,86.9,0
0,13.1,30.2,32.3,94.9,0
0,12.5,22.0,28.4,75.8,1
1,17.1,32.7,35.2,95.0,0
0,14.5,28.1,35.3,82.3,0
0,12.7,27.6,31.8,86.8,0
1,14.5,30.9,33.2,91.7,0
0,14.5,30.8,30.6,101.4,0
1,15.0,27.1,33.5,81.5,0
1,12.9,36.0,33.9,105.5,1
1,15.2,32.2,34.1,93.1,0
0,11.4,21.5,30.8,68.0,1
0,11.5,24.3,33.0,73.2,1
1,13.8,29.8,32.7,88.6,0
0,11.0,27.3,32.5,85.2,1
1,15.1,29.0,33.8,84.3,0
1,9.9,23.4,29.8,77.0,1
1,15.7,29.8,34.0,86.8,0
0,10.3,26.9,34.0,78.5,1
0,7.9,28.8,33.6,86.3,1
1,11.9,21.1,30.0,68.6,1
0,9.2,24.6,30.3,80.0,1
0,12.7,28.6,32.4,85.7,0
1,16.9,31.8,34.6,93.7,0
1,15.2,29.3,33.6,87.7,0
1,14.1,31.2,33.1,92.2,0
1,10.2,24.2,32.7,74.7,1
0,11.4,28.0,32.8,88.0,0
1,12.4,21.5,30.2,71.4,1
1,12.6,34.3,32.4,106.0,1
0,11.9,31.0,34.4,87.6,1
1,16.2,32.8,34.1,95.9,0
1,12.7,31.6,33.4,94.6,1
1,11.1,28.6,31.8,91.0,1
1,14.6,30.0,33.2,90.2,0
1,16.2,27.8,32.0,87.3,0
0,12.5,18.8,30.1,63.5,1
0,12.6,31.0,34.3,90.1,0
1,14.1,28.1,33.7,83.9,0
1,14.2,28.5,32.9,86.8,0
1,16.4,31.3,35.4,89.6,0
1,14.8,31.3,32.9,95.2,0
1,17.2,31.3,34.7,87.8,0
0,12.8,26.9,32.2,81.9,0
1,13.3,29.6,33.1,91.2,0
1,14.9,36.6,33.8,108.9,1
1,15.0,29.0,33.5,87.1,0
1,13.2,31.2,35.0,89.3,1
1,13.1,35.7,36.5,95.7,0
0,14.4,28.0,32.0,87.6,0
0,15.1,28.5,32.3,89.5,0
0,14.3,27.9,34.1,83.2,0
1,15.4,27.5,32.6,85.7,0
0,11.3,30.3,35.0,84.6,1
0,12.7,27.9,32.2,87.5,0
1,8.8,27.7,34.1,82.1,1
0,9.3,23.8,31.8,75.6,1
1,16.7,31.7,35.7,88.2,0
0,13.9,29.8,32.9,87.9,0
0,11.8,30.1,32.9,88.6,1
1,14.0,32.1,34.3,93.0,0
0,12.4,29.9,33.9,87.5,0
0,11.4,17.3,25.6,68.4,1
1,16.4,32.1,32.9,98.3,0
1,12.4,21.8,31.6,67.9,1
0,8.6,24.1,31.6,77.6,1
1,15.3,30.1,35.1,85.5,0
0,14.6,28.1,31.1,91.4,0
0,14.7,28.6,32.1,91.2,0
1,16.2,28.2,32.6,87.2,0
1,12.6,32.0,37.2,86.9,0
1,9.0,34.9,33.5,104.7,1
1,15.7,27.4,33.4,83.9,0
1,15.5,29.9,34.0,86.6,0
1,12.0,26.4,31.7,82.0,1
0,12.4,29.9,34.8,86.5,1
1,10.7,27.9,32.7,85.1,1
0,14.9,29.1,33.3,86.6,0
0,12.0,20.0,30.7,65.9,1
0,13.8,27.9,33.2,85.2,0
0,10.7,28.0,32.9,85.0,0
1,17.0,32.9,33.4,100.5,0
1,11.6,34.8,32.4,106.8,1
1,14.3,31.8,33.7,95.1,0
0,13.1,30.7,34.3,90.6,0
0,12.9,27.0,32.6,84.1,0
0,14.6,27.0,31.0,86.6,0
0,10.4,19.6,29.3,66.7,1
1,13.6,19.0,28.9,65.0,1
1,13.3,23.2,29.4,77.8,1
1,13.9,30.2,32.9,92.5,0
0,12.3,32.9,35.2,93.0,0
1,14.4,29.8,34.0,88.1,0
1,14.9,30.0,34.2,86.7,0
1,16.4,30.2,35.6,86.2,0
1,12.7,30.5,32.7,93.4,1
0,14.5,29.5,33.6,87.6,0
0,12.7,28.1,29.8,92.5,0
0,11.4,27.8,33.6,79.9,0
1,14.7,30.1,35.0,84.8,0
0,15.2,28.5,32.6,88.6,0
0,8.5,28.8,33.1,86.1,1
0,10.0,21.1,33.0,64.3,1
0,12.1,21.9,30.3,72.2,1
1,15.9,30.8,34.3,90.6,0
1,15.0,23.7,30.4,76.4,0
0,13.8,29.0,34.0,84.9,0
0,14.5,28.6,32.1,86.2,0
0,9.1,32.3,35.0,92.3,1
0,10.5,29.9,34.4,86.7,0
0,13.2,29.9,34.4,88.6,0
0,12.4,27.2,34.0,80.2,0
0,12.5,29.0,33.1,85.5,0
1,12.7,27.3,32.2,84.5,1
1,15.3,28.9,32.6,87.0,0
0,13.6,29.5,31.7,92.9,0
0,12.3,29.1,34.1,85.3,0
1,14.7,32.8,34.8,93.4,0
0,10.9,29.8,36.1,81.7,1
1,10.7,34.6,34.9,101.3,1
1,10.9,20.8,29.6,69.3,1
0,11.6,23.0,30.9,72.3,1
0,13.9,28.9,33.9,85.7,0
1,13.8,29.4,32.0,90.4,1
0,12.1,28.5,33.1,87.5,0
1,14.6,29.3,33.8,84.8,0
1,9.7,28.8,34.5,86.2,1
1,15.2,31.8,33.3,97.4,0
0,12.1,19.9,27.5,72.7,1
1,15.8,28.9,33.9,85.6,0
0,11.6,35.8,32.2,111.0,1
1,13.7,23.2,29.1,78.3,1
1,10.5,21.0,29.5,71.7,1
0,7.5,32.2,33.3,94.4,1
1,10.9,34.2,36.4,93.3,1
1,14.7,29.9,33.1,88.3,0
0,13.6,31.0,34.3,91.1,0
0,14.0,26.8,32.4,83.3,0
0,10.5,19.1,31.1,62.5,1
0,15.0,27.6,32.1,85.1,0
0,11.4,32.4,36.3,88.8,1
1,13.9,29.5,31.4,95.6,0
0,14.2,34.1,34.5,98.0,0
0,9.2,19.9,28.6,68.7,1
1,16.0,26.8,32.4,84.8,0
0,12.7,30.5,31.6,97.5,0
1,14.2,32.6,34.3,94.7,0
0,10.0,19.7,28.1,69.4,1
0,11.8,21.1,29.6,70.1,1
1,13.9,30.3,33.3,89.6,0
1,15.1,27.4,33.8,81.4,0
1,12.5,30.9,32.6,94.2,0
1,13.1,27.0,31.9,85.6,1
1,11.3,18.9,28.3,68.9,1
0,13.3,31.3,34.4,91.2,0
0,14.8,31.3,36.0,87.0,0
1,14.6,30.6,34.2,89.4,0
1,9.9,20.4,30.6,68.8,1
1,15.3,19.4,30.7,64.2,1
0,13.3,27.3,31.8,87.6,0
0,13.6,30.4,34.3,90.4,0
1,14.2,29.7,32.2,93.6,0
0,11.1,26.3,30.3,87.0,1
1,11.8,27.7,34.7,79.4,0
1,7.7,27.2,32.3,83.9,1
0,11.6,32.8,34.8,94.9,1
1,15.8,30.6,32.8,96.0,0
1,15.4,30.4,33.0,90.9,0
0,13.3,28.2,33.8,87.0,0
1,8.8,25.2,31.8,78.6,1
0,10.7,30.2,34.5,89.4,1
1,11.6,19.9,27.8,72.2,1
0,14.4,31.1,34.0,92.1,0
1,12.7,27.8,33.6,81.6,0
0,10.2,30.4,33.8,91.0,1
0,11.1,35.5,32.2,109.2,1
1,14.7,27.5,32.8,83.4,0
0,13.5,22.5,30.2,74.2,1
0,14.3,26.8,33.2,81.3,0
1,14.6,34.5,35.3,99.4,0
1,14.3,28.4,34.5,84.8,1
1,7.2,23.3,31.0,74.9,1
1,10.9,21.0,28.4,74.9,1
0,11.7,31.6,32.7,98.5,0
0,14.0,35.3,33.9,101.2,0
0,10.9,19.8,30.7,65.5,1
1,15.5,31.9,33.9,91.9,0
1,14.6,28.0,31.9,88.3,0
1,16.0,29.3,33.8,87.6,0
1,14.2,29.2,34.9,84.3,0
0,11.0,22.4,33.1,67.3,1
0,10.0,23.1,31.3,76.0,1
0,14.8,31.1,34.4,92.9,0
1,14.7,33.2,32.7,100.2,0
0,11.6,28.2,33.7,84.3,0
1,12.0,29.2,33.3,87.6,1
0,12.1,22.3,30.9,72.1,1
0,11.9,28.5,29.5,97.2,0
0,9.2,29.2,32.9,89.5,1
1,10.0,20.0,32.0,63.7,1
1,10.7,23.5,30.7,77.2,1
0,10.0,29.9,33.1,90.3,1
0,12.5,31.8,34.5,90.5,0
1,11.5,19.0,29.6,63.9,1
0,13.8,30.3,33.5,91.3,0
1,11.6,17.6,28.5,65.7,1
1,9.8,27.7,33.2,84.0,1
0,11.5,25.1,32.4,76.7,1
0,14.8,22.8,31.4,74.3,1
1,14.8,24.9,32.9,76.3,0
0,13.6,27.9,32.7,86.3,0
0,14.7,19.0,30.1,64.1,1
1,9.9,34.9,31.0,111.2,1
1,13.4,31.5,34.2,95.5,0
1,15.5,27.0,33.6,80.3,0
1,14.3,28.7,35.5,83.7,0
0,10.5,28.5,32.1,88.3,1
0,11.7,27.7,33.8,82.8,1
1,16.7,28.2,36.1,79.1,0
1,14.1,32.4,34.0,94.4,0
0,10.7,30.6,33.6,93.0,1
1,14.1,20.2,31.0,64.5,1
0,12.0,29.1,30.9,95.2,0
0,12.6,30.9,33.8,91.7,0
0,12.9,28.8,33.4,88.2,0
0,15.8,29.3,32.0,92.9,0
0,12.2,27.5,31.5,87.4,0
0,8.4,21.0,28.7,73.9,1
0,12.8,29.6,30.7,93.5,1
1,11.3,16.8,27.0,62.3,1
1,10.7,24.3,30.1,83.2,1
1,13.8,33.0,34.4,93.4,0
1,15.0,28.8,33.7,85.1,0
0,13.0,28.4,32.6,87.8,0
0,16.2,34.6,36.2,93.0,0
1,12.6,21.4,30.3,70.6,1
0,11.4,20.6,28.1,73.1,1
1,13.8,31.8,34.7,92.9,0
0,15.2,32.8,37.9,85.7,0
1,13.0,36.3,35.6,102.5,1
0,12.4,30.3,34.2,87.3,0
1,15.8,32.1,35.7,87.8,0
1,12.9,22.2,29.9,74.5,1
1,12.9,19.9,31.5,64.7,1
0,10.9,29.0,34.7,85.1,0
1,16.2,31.3,34.4,91.2,0
1,10.7,24.7,29.9,83.6,1
1,14.9,26.7,30.8,87.4,0
1,14.8,31.8,32.7,96.4,0
1,13.2,39.8,35.8,111.2,1
0,13.8,31.3,33.7,91.7,0
1,11.9,26.8,31.5,81.1,1
1,18.0,30.3,32.4,92.5,0
1,12.3,20.9,31.4,66.5,1
0,12.0,34.9,35.2,99.9,0
0,13.1,30.8,34.6,89.7,0
1,13.9,30.6,33.7,90.1,0
1,15.1,35.5,37.0,95.7,0
0,11.6,27.4,33.7,81.9,1
1,9.3,28.0,34.2,81.3,1
0,11.9,29.9,33.0,89.9,0
0,11.7,31.1,34.2,89.9,0
0,9.6,21.5,29.2,75.3,1
0,9.1,20.6,30.7,67.5,1
1,16.3,34.2,35.6,96.7,0
0,12.6,28.3,32.6,86.2,0
1,12.2,27.1,31.7,87.4,0
1,10.1,19.1,26.5,72.5,1
1,17.1,29.8,34.4,87.5,0
1,11.5,24.7,30.2,82.1,1
0,14.6,26.6,30.4,88.4,0
1,11.7,18.1,28.2,62.8,1
1,18.2,31.0,35.0,89.4,0
0,13.6,26.9,34.0,79.1,0
1,14.6,24.2,31.4,76.7,0
1,12.6,22.4,32.8,68.3,1
1,16.5,26.0,35.0,75.4,0
1,15.3,31.7,34.3,92.9,0
1,14.9,30.1,32.9,94.1,0
0,14.5,26.3,33.6,79.8,0
1,15.5,29.1,33.3,84.5,0
1,12.3,21.4,31.1,70.0,1
0,10.1,22.4,30.8,71.5,1
0,14.8,26.9,32.1,85.9,0
0,12.3,30.9,34.6,90.3,1
1,13.6,27.8,33.2,83.8,0
1,14.9,30.2,34.1,86.9,0
0,12.2,31.6,33.0,97.3,0
1,14.3,34.5,34.1,100.8,0
0,11.0,32.8,33.2,101.1,1
1,10.3,31.5,33.6,94.2,1
1,11.5,22.9,33.1,70.0,1
1,15.2,30.1,32.4,89.9,0
0,14.2,27.3,30.1,87.7,0
0,15.7,28.3,33.4,87.2,0
0,14.7,25.8,33.1,78.8,0
0,15.0,29.3,33.8,86.9,0
1,13.5,32.4,35.0,92.5,0
1,14.4,33.8,34.1,100.0,0
1,14.4,26.4,33.1,78.4,0
1,12.9,22.0,31.8,69.5,1
1,11.1,36.3,33.6,106.0,1
1,12.3,21.9,29.6,73.4,1
1,9.6,17.6,27.3,65.2,1
1,14.0,31.1,33.8,91.9,0
0,11.8,21.6,28.8,76.0,1
0,11.2,27.7,30.9,90.4,1
0,11.5,30.4,31.9,95.7,0
1,16.4,27.3,33.1,82.8,0
1,11.7,27.7,33.2,85.0,1
0,14.0,29.2,31.5,92.4,0
1,13.8,27.9,32.7,84.9,0
1,17.4,30.6,33.6,93.5,0
0,12.8,28.9,32.9,85.3,0
0,13.1,31.8,33.8,92.3,0
1,13.7,31.9,36.6,85.2,0
1,13.1,27.0,34.0,78.7,0
1,15.0,29.5,32.9,88.0,0
1,11.6,22.8,30.9,74.5,1
1,13.4,27.3,34.0,78.2,0
1,16.1,27.8,32.2,87.9,0
1,15.6,29.4,34.6,85.3,0
1,14.1,22.0,31.2,74.8,1
0,12.6,30.4,34.1,89.2,0
0,14.3,31.2,35.0,90.8,0
0,10.5,33.3,33.8,99.0,1
1,11.7,20.1,30.7,64.7,1
1,15.8,27.7,34.7,80.3,0
1,12.5,25.4,33.5,76.5,1
0,14.2,29.0,31.6,93.1,0
0,14.9,33.2,34.8,95.6,0
0,14.5,29.8,35.8,85.2,0
0,11.9,28.0,35.6,78.5,0
1,9.7,27.2,32.9,83.1,1
0,12.6,28.2,33.5,86.5,0
0,12.3,30.7,33.5,89.4,0
1,12.8,31.4,34.2,91.2,1
0,9.4,22.9,29.9,75.9,1
1,13.4,26.1,31.9,81.7,0
1,11.7,23.5,32.2,73.0,1
0,13.5,29.0,31.7,90.8,0
1,10.4,20.3,30.1,70.0,1
1,10.5,27.7,32.1,84.3,1
1,13.6,35.0,34.4,100.4,1
0,12.9,27.9,33.2,83.0,0
1,16.3,31.4,33.2,92.6,0
0,12.5,31.1,34.4,89.1,0
0,15.0,27.7,32.7,86.7,0
0,12.9,27.9,33.1,82.5,0
1,12.6,22.9,31.3,71.6,1
0,14.3,28.3,31.7,91.2,0
0,12.4,29.7,32.6,92.6,0
1,11.8,21.6,29.0,72.7,1
0,14.2,31.0,34.0,91.2,0
0,11.9,36.8,32.6,114.3,1
0,15.7,30.1,33.1,92.1,0
0,14.2,28.0,33.0,84.7,0
0,12.4,28.8,35.0,80.8,0
0,12.0,31.5,35.7,86.8,0
1,11.9,23.9,30.2,81.6,1
0,13.5,26.1,31.5,85.5,0
0,13.6,32.1,32.9,96.2,0
1,15.9,31.5,35.9,88.4,0
0,12.1,29.8,33.2,87.2,0
1,10.2,35.6,31.9,111.8,1
0,12.7,29.2,34.5,85.1,0
0,10.9,24.4,31.4,78.4,1
0,11.5,21.5,29.8,72.3,1
0,14.9,30.9,34.5,89.5,0
0,12.5,29.0,33.0,87.0,1
0,14.2,28.7,32.1,90.7,0
0,13.3,26.2,32.4,80.5,0
0,14.5,30.1,33.1,92.6,0
0,10.3,28.6,32.3,87.7,1
0,9.1,22.4,31.8,69.7,1
0,13.6,27.8,32.9,86.7,0
0,11.9,20.1,28.6,70.9,1
1,16.9,27.0,29.2,91.8,0
0,14.0,29.6,32.1,93.9,0
1,14.9,30.7,31.3,96.4,0
1,11.9,22.5,31.4,70.7,1
0,14.3,30.7,33.8,92.6,0
1,13.2,27.9,35.0,78.8,0
1,14.6,30.3,33.7,90.6,0
0,13.1,30.9,33.8,92.1,0
0,14.5,28.7,33.1,87.5,0
1,15.2,34.8,33.7,100.9,0
1,12.8,21.2,28.3,77.2,1
0,13.7,28.8,34.3,82.3,0
0,15.1,27.3,32.7,83.3,0
0,12.7,28.7,33.6,85.2,0
0,11.5,26.8,32.7,79.0,1
1,13.5,35.6,34.0,103.4,1
0,16.1,31.7,34.9,88.9,0
0,10.3,23.7,32.7,73.3,1
1,15.6,27.5,31.8,87.1,0
0,13.5,28.5,31.9,92.0,0
0,13.6,33.1,34.5,95.0,0
1,11.6,33.7,35.7,93.8,0
1,17.2,25.8,31.4,81.3,0
1,13.5,32.9,35.9,92.1,1
1,12.5,19.5,30.6,65.1,1
0,7.6,32.1,35.7,87.2,1
0,11.9,29.9,35.8,82.7,0
1,13.4,30.7,34.1,89.7,0
0,7.1,35.5,31.9,109.6,1
0,13.0,32.8,34.5,95.6,0
0,12.2,29.2,33.4,87.4,0
0,14.7,29.5,33.3,89.5,0
0,10.1,19.1,25.5,75.3,1
0,12.7,28.9,30.9,92.1,0
0,14.8,28.2,31.0,91.6,0
0,9.5,22.8,29.6,77.0,1
1,14.9,30.3,35.0,88.8,0
1,13.8,30.4,32.3,94.9,0
1,15.7,32.5,34.4,95.0,0
1,18.5,28.8,33.7,85.4,0
0,11.7,26.7,33.2,81.5,1
0,15.6,29.7,32.9,88.0,0
1,14.4,26.2,32.7,77.3,0
1,9.5,24.7,33.3,72.9,1
1,11.8,31.7,33.6,94.1,1
0,9.5,33.0,33.1,100.6,1
0,13.5,29.6,32.8,90.4,0
0,15.3,33.0,34.3,95.9,0
0,10.3,23.1,31.6,74.7,1
1,12.8,23.2,32.1,71.2,1
1,15.1,29.0,31.6,88.3,0
0,13.9,29.9,33.7,89.1,0
1,16.8,32.0,33.5,96.9,0
1,10.7,25.5,31.2,81.6,1
0,14.3,27.1,32.6,82.0,0
0,14.0,28.2,33.7,83.9,0
0,12.4,34.3,34.1,100.8,0
0,9.2,31.0,36.2,83.9,1
0,9.2,19.5,30.2,65.6,1
0,14.0,31.4,33.8,92.8,0
0,9.9,25.0,30.2,83.5,1
0,13.1,28.4,32.6,88.0,1
1,15.1,27.2,32.9,85.4,0
0,14.6,28.4,34.4,84.3,0
1,14.0,30.7,34.4,87.2,0
0,10.0,33.2,35.6,91.8,1
1,15.5,31.1,33.4,92.5,0
0,11.1,22.8,30.5,75.9,1
0,9.8,36.3,35.1,102.9,1
1,16.4,28.1,33.3,83.4,0
1,7.7,22.4,29.8,72.8,1
1,14.1,22.2,32.2,70.9,0
0,13.0,27.7,34.2,79.8,0
0,10.7,20.0,29.5,66.5,1
1,12.4,32.8,32.9,98.4,1
1,14.8,31.7,33.7,95.4,0
1,9.7,30.7,34.0,90.8,1
1,10.5,17.4,28.3,63.3,1
0,13.7,29.0,32.0,89.3,0
1,14.2,20.4,30.8,67.1,1
0,11.3,31.2,34.7,91.7,0
0,13.5,25.7,33.4,77.3,0
0,9.9,30.1,31.9,91.9,0
0,10.0,21.7,28.4,76.2,1
0,9.1,22.2,32.3,70.7,1
0,12.9,32.6,34.3,95.7,0
1,15.1,32.3,34.0,93.3,0
0,12.7,18.1,27.5,69.1,1
1,14.2,33.2,36.2,91.6,0
0,12.3,20.5,27.2,73.7,1
0,9.2,22.8,31.9,72.2,1
1,16.0,26.4,32.2,82.7,0
0,10.8,28.4,35.5,80.8,1
0,11.8,25.5,31.6,81.2,0
0,10.9,28.9,33.4,85.7,1
0,9.3,30.6,33.8,90.0,1
1,12.9,20.2,28.1,73.1,1
0,13.3,29.3,32.0,92.5,0
1,12.6,32.8,33.1,99.7,1
0,11.1,31.8,35.2,87.1,0
1,15.4,27.1,32.8,84.9,0
1,16.0,29.7,34.6,87.1,0
1,13.3,32.6,34.7,92.0,0
0,13.4,27.8,33.1,83.8,0
0,8.7,27.1,32.5,85.4,1
0,7.9,27.3,31.8,85.3,1
1,17.2,30.4,32.0,93.1,0
1,8.1,28.5,33.4,85.6,1
1,13.0,27.2,33.4,80.3,0
0,12.7,34.4,32.5,106.0,1
1,14.4,25.1,30.9,79.9,1
1,16.0,30.3,32.9,93.2,0
0,11.2,20.9,30.7,69.8,1
0,13.6,30.6,34.9,84.8,0
1,13.1,27.9,32.5,84.7,0
1,11.4,28.4,33.1,85.7,1
1,12.9,32.0,35.5,90.5,0
0,14.6,32.0,32.4,99.7,0
1,16.6,29.0,33.5,88.5,0
0,11.7,31.5,34.2,89.9,1
0,14.6,28.2,32.6,86.0,0
0,13.4,31.5,33.9,90.1,0
1,11.9,29.7,32.3,90.9,1
1,12.4,22.6,31.7,72.1,1
1,14.0,26.4,32.8,81.6,0
0,10.2,33.7,34.6,98.1,0
1,15.0,33.2,34.8,96.0,0
0,14.0,31.8,34.6,90.7,0
1,15.6,27.2,33.1,80.8,0
0,11.5,24.7,29.7,83.3,1
0,9.6,22.7,31.2,74.5,1
0,11.1,30.0,33.2,91.1,1
0,12.5,33.4,35.2,96.6,0
1,10.6,30.9,33.1,93.1,1
0,12.6,28.0,31.0,88.4,0
0,7.6,24.0,30.7,78.9,1
1,9.0,21.5,30.7,71.8,1
0,12.1,32.6,35.4,91.3,0
1,12.2,19.9,26.8,74.7,1
1,14.2,30.5,34.3,87.9,0
1,10.4,37.1,33.8,109.3,1
0,12.5,28.9,32.8,91.7,0
1,14.3,28.2,32.5,87.5,0
1,11.6,30.8,34.5,88.5,1
0,14.4,28.1,33.4,83.5,0
0,13.0,33.2,35.8,91.0,1
1,14.0,27.6,32.4,84.8,0
1,13.1,20.5,30.5,65.5,1
1,9.8,26.7,33.3,80.9,1
1,13.4,30.1,33.9,89.4,0
1,15.8,30.9,35.2,89.5,0
0,13.3,30.9,33.0,92.6,0
0,12.7,34.4,35.0,98.2,0
0,14.1,27.2,31.5,85.9,0
1,12.1,24.8,34.2,73.0,1
0,10.4,26.5,33.3,79.4,1
1,9.8,21.8,29.1,73.2,1
1,9.2,21.5,32.0,67.2,1
1,11.3,30.4,34.1,88.9,1
0,9.8,34.3,32.3,107.5,1
1,14.0,30.4,33.1,92.4,0
0,12.1,22.8,29.7,76.3,1
1,11.0,31.5,34.2,94.4,1
0,15.2,31.2,35.5,86.8,0
0,12.1,27.7,31.0,90.4,0
1,15.7,30.7,34.8,87.9,0
0,13.5,29.7,31.8,94.4,0
0,8.1,22.6,33.5,68.2,1
1,15.4,26.5,33.2,81.1,0
1,15.2,28.4,34.5,82.8,0
1,11.6,22.3,30.8,72.9,1
1,14.1,31.6,33.8,93.2,0
1,12.5,27.9,31.8,86.5,0
0,12.1,29.3,33.1,90.8,0
0,9.5,19.5,30.3,68.3,1
0,12.1,22.3,29.4,76.2,1
1,16.3,29.8,34.6,86.9,0
1,12.6,20.6,30.8,66.9,1
0,13.5,29.3,34.0,85.3,0
0,9.2,25.6,33.7,76.9,1
1,12.7,24.0,32.7,73.3,1
0,9.5,37.6,36.4,102.7,1
1,14.7,29.4,33.7,86.3,0
0,9.8,23.2,32.8,69.4,1
1,11.2,28.7,33.9,85.5,1
0,13.8,26.5,29.8,86.9,0
1,10.5,25.0,32.3,74.5,1
1,12.9,32.1,36.4,87.6,0
1,10.8,29.9,34.4,85.7,1
1,15.5,27.8,31.1,89.5,0
1,10.4,21.8,31.4,68.4,1
1,13.7,26.6,32.9,83.2,0
0,14.0,29.1,32.0,90.9,0
1,13.2,32.4,35.4,88.5,0
1,14.9,35.5,36.2,97.6,0
0,11.6,27.4,33.3,84.7,0
1,13.5,30.4,34.3,87.7,0
1,15.5,29.9,33.4,89.7,0
1,12.5,33.2,33.5,99.0,0
0,13.4,33.0,34.3,93.8,0
0,12.7,21.9,29.6,72.0,1
1,15.6,31.2,32.7,95.3,0
1,11.6,23.9,33.2,72.4,1
0,10.9,23.5,28.0,83.0,1
1,10.6,21.3,28.7,73.2,1
1,14.7,30.0,31.1,95.1,0
1,11.2,28.5,32.3,87.7,1
1,14.5,29.7,32.9,92.0,0
0,12.3,30.7,34.8,90.3,0
0,13.7,31.2,34.1,94.0,0
0,12.6,36.6,34.8,101.7,1
1,17.9,26.3,32.4,80.6,0
0,14.1,26.5,31.1,82.8,0
0,10.6,27.2,33.7,78.4,1
0,10.2,28.3,34.3,80.7,1
1,17.4,30.5,33.7,89.3,0
1,12.7,29.4,33.3,89.9,0
0,8.3,22.6,31.2,74.8,1
0,14.6,29.3,33.1,89.0,0
1,12.7,33.1,34.8,95.3,0
0,14.5,32.5,35.4,91.1,0
0,8.9,24.2,30.1,78.0,1
0,9.4,24.8,32.7,79.0,1
0,9.5,26.1,28.9,89.2,1
0,11.6,25.4,32.3,79.5,1
0,14.6,27.5,31.3,86.1,0
0,12.3,29.1,33.7,87.2,0
1,16.7,33.4,34.6,95.1,0
0,14.0,25.2,30.4,83.9,0
1,13.5,29.1,32.6,89.3,0
1,9.6,23.7,32.1,74.0,1
0,14.3,30.3,34.5,87.8,0
1,10.0,26.0,32.6,79.2,1
0,14.1,28.1,32.4,87.9,0
1,15.8,31.0,34.0,88.6,0
0,11.1,19.5,28.9,68.0,1
0,13.8,32.3,36.3,88.7,0
0,12.5,27.1,32.8,82.4,1
1,12.7,33.1,35.0,97.7,0
0,14.2,32.7,36.4,88.8,0
1,14.2,27.1,34.0,82.0,0
0,12.0,29.3,33.4,89.3,0
1,15.5,27.8,33.3,82.7,0
0,10.6,31.3,33.5,96.0,1
1,15.6,24.1,30.9,76.6,1
0,13.6,28.9,34.3,84.7,0
0,13.2,38.9,33.0,119.3,1
0,15.3,33.6,34.8,95.8,0
0,10.9,37.4,36.6,103.4,1
1,14.6,30.8,34.4,89.3,0
0,11.1,30.5,33.2,91.2,0
1,14.7,26.6,29.3,92.6,0
0,13.7,33.5,34.4,96.8,0
1,15.4,30.8,34.2,91.2,0
0,14.2,26.7,33.1,83.0,0
0,14.6,27.9,31.6,88.7,0
1,12.6,20.9,31.0,67.8,1
0,13.1,27.8,34.3,83.2,0
0,15.9,28.2,31.7,90.3,0
1,15.7,32.5,34.6,93.6,0
1,11.5,21.2,33.4,65.9,1
0,16.1,29.0,32.1,89.1,0
0,12.9,27.8,33.5,84.5,0
1,15.4,32.8,34.2,96.2,0
0,15.5,32.1,35.8,90.1,0
0,14.2,28.5,32.6,86.2,0
0,13.6,27.5,33.5,84.0,0
1,15.3,33.0,36.8,89.8,0
1,15.5,34.3,35.4,95.0,0
0,12.6,29.7,34.1,87.3,0
0,7.2,25.0,30.6,81.6,1
0,12.9,28.5,32.1,90.0,0
1,17.1,29.3,32.8,88.4,0
0,16.1,27.3,32.6,85.3,0
0,11.9,42.0,34.2,125.0,1
1,14.1,29.8,34.3,88.8,0
0,12.6,30.9,33.7,90.9,0
1,12.4,29.4,33.6,85.0,1
0,13.4,29.0,33.0,89.1,0
0,13.0,27.8,33.1,85.1,0
0,12.2,29.1,31.2,93.5,0
1,12.1,19.7,29.7,65.8,1
1,14.4,25.1,33.9,74.9,0
1,11.1,21.4,28.2,76.8,1
0,11.7,17.8,28.8,64.1,1
1,14.2,28.0,33.0,85.4,0
0,14.8,33.3,34.6,95.5,0
0,14.5,29.3,33.8,85.7,0
1,14.1,30.9,32.2,96.1,0
0,13.4,27.7,32.7,85.4,0
0,10.7,21.8,29.4,73.3,1
0,11.2,20.8,28.6,71.3,1
0,13.2,32.6,34.1,92.1,0
0,12.1,28.9,32.8,87.5,0
1,11.1,33.7,34.6,97.4,1
0,9.0,29.8,33.7,86.7,1
1,13.3,26.7,33.8,78.7,1
1,13.8,25.0,33.4,75.4,0
0,10.8,28.8,32.8,88.4,1
0,13.2,30.4,34.3,90.1,0
0,13.9,31.5,31.5,98.2,0
1,15.9,28.4,32.2,90.4,0
0,12.1,31.4,33.1,97.3,0
1,11.7,29.6,31.3,94.2,1
0,13.3,29.1,32.2,90.8,0
1,16.9,29.3,32.7,89.0,0
0,13.1,29.7,32.4,91.3,0
0,13.6,34.5,36.7,92.9,0
1,15.4,26.1,32.4,84.3,0
1,15.4,33.7,35.6,93.4,0
0,11.0,22.9,32.2,71.7,1
1,16.0,28.6,33.1,87.6,0
0,13.0,30.9,32.5,94.3,0
1,15.1,30.9,35.4,88.6,0
1,15.2,29.8,34.8,86.1,1
0,10.6,23.2,29.4,79.7,1
0,12.9,28.3,32.8,87.1,1
0,12.9,29.5,33.1,91.9,0
1,14.6,31.8,33.9,93.0,0
1,16.5,29.0,33.7,86.3,0
0,12.8,19.5,28.9,67.6,1
0,9.7,32.2,34.2,93.0,1
1,11.4,22.0,27.7,78.2,1
1,10.8,21.9,32.6,68.1,1
1,10.2,21.7,29.6,71.7,1
0,12.8,31.3,33.5,94.1,0
0,8.0,19.8,29.9,66.0,1
0,14.8,27.8,31.7,89.0,0
1,15.1,27.7,33.1,82.4,0
0,14.8,32.2,33.0,97.0,0
1,13.7,26.8,32.5,80.5,0
0,14.5,28.2,31.0,91.0,0
1,14.0,29.5,32.7,90.1,0
1,17.3,27.4,32.1,87.5,0
1,15.6,29.1,33.7,86.2,0
0,13.1,32.8,35.3,94.9,0
0,15.8,30.0,31.7,94.0,0
0,11.7,27.4,31.0,87.9,0
1,13.9,31.6,34.7,92.1,0
1,12.0,30.9,34.5,90.9,1
1,9.6,30.9,34.4,89.0,1
1,11.9,21.6,31.7,68.7,1
1,13.9,21.8,29.4,75.2,1
0,13.8,28.2,30.9,89.6,0
1,11.8,26.0,31.6,82.9,1
0,13.5,28.1,34.9,83.3,0
0,13.4,30.7,35.3,87.8,0
1,11.4,21.6,28.5,75.0,1
0,13.8,28.8,33.5,87.5,0
0,9.5,21.5,30.7,71.4,1
1,11.4,33.4,32.6,101.1,1
0,11.6,20.5,31.4,65.1,1
1,13.0,20.4,28.8,71.0,1
0,13.0,26.9,31.4,87.3,0
0,14.5,29.8,34.1,88.1,0
0,13.4,27.9,32.0,86.6,0
0,12.7,29.5,31.8,93.0,0
1,15.0,33.6,34.0,97.9,0
0,10.5,21.2,30.3,69.6,1
1,12.0,20.5,30.4,69.9,1
0,14.8,30.5,33.2,91.5,0
1,13.1,31.3,33.4,92.6,0
1,14.2,30.9,32.2,96.8,0
1,16.7,29.2,35.2,84.3,0
0,10.5,25.1,32.6,76.8,1
0,11.3,26.0,32.0,81.3,0
0,14.2,30.1,33.8,87.2,0
1,14.7,31.0,36.6,86.8,0
0,11.0,29.6,34.5,86.3,1
0,10.7,23.9,29.8,79.4,1
1,14.7,28.7,32.9,86.0,0
0,13.7,29.8,33.4,86.3,0
1,13.8,29.3,32.1,92.7,0
0,14.4,29.7,34.5,86.1,0
0,10.3,20.9,30.0,72.1,1
1,14.0,30.1,32.8,92.2,0
0,13.5,30.0,32.7,91.4,0
1,14.6,31.1,33.3,93.8,0
0,13.6,22.3,31.2,71.6,1
0,14.7,33.9,35.0,98.9,0
1,12.7,22.9,28.3,79.1,1
1,13.5,31.0,33.4,92.5,0
1,13.4,28.6,33.5,85.5,0
0,14.1,29.6,33.1,88.3,0
1,12.4,30.0,34.3,87.7,0
0,11.1,23.5,32.4,74.8,1
0,15.7,32.4,33.0,98.4,0
1,15.1,28.8,33.0,85.3,0
0,13.3,28.2,29.6,96.4,0
1,15.6,30.8,33.3,92.2,0
0,13.4,27.8,34.2,80.9,0
0,13.2,31.2,34.5,90.3,0
1,10.0,38.6,35.8,109.3,1
1,14.4,27.0,32.1,83.2,0
1,15.0,31.6,34.8,90.9,0
1,11.7,27.7,34.2,81.5,1
1,14.8,30.4,34.5,90.8,0
1,12.3,23.5,32.4,70.9,1
1,12.9,28.8,32.3,90.2,0
0,8.8,20.7,31.6,65.7,1
0,15.6,27.1,33.0,83.1,0
0,11.9,21.7,30.7,70.4,1
1,11.0,22.6,28.8,79.5,1
1,11.8,33.2,35.4,93.5,0
0,10.5,29.3,33.0,87.1,1
1,12.2,30.9,33.8,92.8,0
1,14.0,31.2,33.5,93.7,0
0,13.9,28.9,33.4,87.2,0
1,13.7,24.9,32.4,75.4,0
1,14.1,29.4,35.9,83.4,0
0,14.0,29.2,31.9,92.5,0
1,14.5,29.5,32.1,91.1,0
0,10.9,30.3,34.0,88.5,1
1,9.8,26.2,32.4,82.4,1
1,12.0,30.2,33.9,87.7,0
1,14.5,28.7,32.6,88.8,0
0,13.4,30.5,34.0,88.6,0
1,15.3,29.4,33.3,86.9,0
1,17.1,30.0,33.3,88.0,0
0,16.1,32.7,35.4,91.2,0
1,14.0,30.7,34.7,89.3,0
0,10.7,20.2,29.7,71.3,1
1,16.0,29.6,33.7,88.8,0
0,13.5,31.3,32.5,93.9,0
0,11.5,23.9,31.8,75.9,0
0,15.8,28.6,33.9,85.1,0
1,15.6,29.5,31.9,94.3,0
0,10.9,27.0,33.0,80.7,1
1,14.5,31.3,36.0,86.1,0
0,12.5,28.6,33.7,85.5,0
0,9.4,26.5,32.5,82.0,1
1,11.6,32.1,33.9,93.5,1
1,11.6,19.8,28.8,69.3,1
0,13.0,32.2,33.9,95.5,0
1,13.0,22.9,31.5,74.0,1
1,17.2,29.1,34.7,85.3,0
1,14.7,29.3,32.1,90.6,0
0,13.2,30.0,32.1,92.6,0
0,12.5,29.5,34.8,85.8,0
1,15.4,30.5,31.9,94.2,0
0,11.5,28.2,33.7,83.3,0
1,12.6,32.1,33.0,98.3,1
1,12.4,21.1,30.0,71.1,1
1,11.0,22.1,28.6,79.3,1
1,17.4,34.5,34.3,99.9,0
1,13.0,18.8,28.0,69.2,1
0,13.2,30.4,33.4,93.2,0
1,10.9,29.5,33.8,87.5,1
0,14.0,31.8,31.2,102.3,0
0,9.9,19.7,28.3,72.4,1
1,15.7,29.9,33.4,89.4,0
1,10.4,22.7,30.7,74.2,1
1,11.0,32.2,31.1,104.4,1
1,15.0,29.8,34.1,89.3,0
0,15.4,28.8,32.5,88.5,0
0,10.9,22.0,30.8,72.5,1
1,17.0,28.5,34.5,85.9,0
0,10.0,24.8,32.6,76.5,1
0,13.9,35.8,36.3,99.7,0
0,13.2,31.5,32.8,95.5,0
0,14.0,30.1,33.5,89.5,0
0,14.2,30.5,34.5,88.1,0
0,12.0,18.4,31.1,59.2,1
0,13.0,27.2,31.3,83.6,0
0,14.6,31.0,35.8,88.2,0
1,14.9,31.6,33.1,95.3,0
0,11.2,30.0,32.7,90.4,0
0,9.7,19.2,28.7,65.8,1
1,12.8,29.3,33.2,87.4,1
0,12.4,29.8,33.4,90.4,0
1,11.3,22.4,30.5,72.0,1
1,12.8,20.6,31.9,67.9,1
0,14.9,31.8,35.5,90.4,0
0,9.0,21.3,32.0,63.7,1
1,14.5,30.2,33.5,88.6,0
1,13.8,31.3,34.5,91.4,0
0,11.1,26.4,32.2,83.0,1
1,15.7,31.7,34.6,93.0,0
0,13.0,30.4,34.3,88.2,1
1,13.1,21.7,29.3,75.5,1
0,14.1,26.4,32.9,80.9,0
1,9.2,22.0,31.9,70.8,1
1,16.5,28.8,34.8,84.8,0
1,12.7,29.9,33.5,90.4,0
1,12.2,30.8,32.5,96.6,1
0,12.6,20.3,30.4,64.8,1
0,14.8,26.5,32.7,82.7,0
0,14.5,32.7,33.0,98.6,0
0,10.0,27.4,31.8,85.3,1
1,12.1,29.2,32.4,90.1,1
0,9.2,30.0,34.3,84.9,1
0,12.6,31.2,34.3,90.5,0
1,15.9,30.2,34.3,88.8,0
1,13.1,27.4,31.2,88.1,0
1,12.2,21.7,31.4,69.3,1
1,15.6,32.6,33.1,96.0,0
0,13.0,25.1,32.4,77.8,0
0,10.6,22.5,31.2,71.0,1
1,17.0,29.5,33.8,86.2,0
1,11.9,28.7,34.3,83.3,1
0,9.1,20.2,29.2,71.5,1
1,11.4,21.0,29.7,70.4,1
0,12.5,32.2,34.9,92.2,0
0,12.0,31.4,33.4,92.7,0
1,12.0,31.3,32.5,97.3,1
1,11.2,32.6,32.4,100.8,1
1,13.4,21.0,28.4,74.5,1
0,13.8,30.9,33.9,91.7,0
1,9.8,22.5,29.0,79.1,1
0,7.9,18.7,28.8,64.4,1
0,11.2,33.6,36.7,91.4,1
1,11.7,35.9,33.7,108.9,1
1,8.0,21.5,27.8,78.5,1
1,11.7,18.6,29.2,66.2,1
1,13.9,31.4,33.2,94.9,0
1,16.0,29.0,33.5,87.5,0
1,15.8,27.9,32.5,85.2,0
0,13.6,27.9,30.5,91.2,0
0,14.1,30.0,35.3,84.7,0
0,14.6,27.8,32.4,86.5,0
0,12.9,34.5,36.2,94.5,0
1,12.7,28.1,31.8,89.2,0
0,13.4,30.1,33.3,90.0,1
0,9.9,23.0,29.0,76.6,1
0,12.9,29.7,32.0,91.6,0
1,10.4,23.0,29.9,76.9,1
0,17.6,26.4,33.4,81.0,0
1,14.4,30.5,33.9,89.5,0
0,10.8,24.1,30.8,80.3,0
0,13.9,29.5,33.4,87.3,0
1,14.2,37.8,33.4,112.9,1
1,11.9,20.3,29.9,69.1,1
0,12.7,30.7,34.1,90.4,0
1,15.6,33.1,37.6,88.9,0
1,16.2,30.2,33.9,89.6,0
0,12.3,31.6,34.3,92.3,0
1,15.0,30.0,31.6,95.0,0
1,13.9,29.0,34.1,85.5,0
1,12.1,29.2,33.7,86.9,1
1,12.1,20.8,30.0,69.3,1
1,12.4,33.7,35.6,95.9,0
1,13.0,28.5,33.7,82.5,1
1,17.0,33.7,37.0,89.4,0
1,14.2,29.7,33.4,89.3,0
1,17.8,29.6,33.0,89.4,0
1,8.8,31.9,33.9,93.9,1
1,12.0,23.6,28.3,81.3,1
0,13.5,27.4,35.2,82.3,0
1,14.3,31.2,35.3,88.9,0
1,11.6,34.2,33.3,102.8,1
0,12.9,27.9,33.7,84.1,0
1,12.4,22.0,29.9,74.3,1
0,13.9,31.0,34.5,88.7,0
0,12.1,26.4,31.8,83.8,0
1,15.4,28.4,32.9,86.1,0
0,12.7,23.1,31.4,73.1,1
1,15.5,30.0,33.3,91.1,0
1,12.8,19.9,29.1,67.3,1
0,12.2,32.1,34.6,93.0,0
0,9.9,20.2,30.4,65.9,1
0,8.7,21.8,29.9,72.9,1
1,13.8,16.3,26.2,61.4,1
1,14.0,31.6,34.7,90.6,0
1,12.6,30.0,33.5,87.1,0
0,10.8,30.0,32.9,89.6,0
1,8.8,21.2,31.1,66.6,1
1,14.9,31.6,33.9,95.3,0
1,14.6,31.6,34.4,92.0,0
0,14.0,32.9,33.1,98.5,0
1,16.0,32.5,34.1,94.3,0
1,13.7,23.6,32.0,72.1,1
1,16.0,28.9,33.1,87.2,0
0,12.3,30.1,32.9,91.8,1
1,14.2,29.2,33.7,85.9,0
1,14.5,27.9,32.8,86.1,0
0,14.5,26.4,34.9,77.6,0
1,13.9,31.0,34.6,89.5,0
1,15.3,28.8,33.1,87.5,0
0,11.4,28.4,34.5,82.8,1
0,13.1,29.5,33.4,88.2,0
1,10.7,33.4,34.4,93.8,1
0,12.9,30.7,33.7,92.4,0
1,12.6,29.4,31.9,93.6,0
0,11.0,21.1,29.6,70.1,1
1,11.4,30.1,34.2,89.6,0
0,11.9,31.6,33.8,93.6,0
1,15.4,31.9,32.9,98.9,0
1,14.9,27.9,32.6,87.4,0
1,11.8,22.0,30.1,73.1,1
1,13.5,28.2,34.3,83.6,0
0,11.7,29.4,31.8,93.3,1
1,9.1,21.0,27.7,75.8,1
0,12.6,32.8,32.7,98.7,0
0,10.3,20.8,32.8,65.0,1
0,12.0,30.7,34.7,86.0,0
0,12.9,25.2,32.4,77.4,1
1,14.2,29.7,33.3,88.9,0
1,12.1,26.1,31.0,84.3,1
0,13.3,32.0,34.0,94.1,0
0,13.4,28.3,33.3,87.1,0
1,9.4,20.2,29.6,66.9,1
0,9.3,26.8,31.2,86.8,1
0,16.3,29.3,33.9,86.7,0
0,14.8,34.4,36.8,94.7,0
1,11.7,30.0,33.8,89.2,1
1,11.0,25.8,31.1,83.3,1
0,10.9,31.2,35.4,87.2,1
0,10.1,25.0,31.8,79.3,1
1,10.9,33.6,34.5,95.9,1
1,10.6,26.3,31.1,83.6,1
0,13.0,30.5,32.8,92.4,0
1,14.1,28.3,32.6,87.5,0
0,9.6,21.1,29.4,72.3,1
0,9.9,30.0,33.8,89.2,1
1,15.5,26.2,32.3,80.5,0
0,11.2,27.0,31.8,86.2,0
1,11.1,26.5,33.4,79.3,1
0,14.7,30.5,33.8,89.5,0
0,14.3,32.4,33.8,95.4,0
1,12.6,32.3,33.6,95.6,0
0,14.7,30.5,36.8,82.9,0
1,14.1,33.0,35.2,91.4,0
0,11.9,30.6,32.7,92.3,0
0,14.9,29.9,32.7,90.3,0
0,11.7,30.2,33.6,90.9,1
1,12.8,28.2,33.6,83.0,0
0,10.3,25.2,28.2,88.9,1
1,10.2,19.9,29.6,69.4,1
0,12.7,30.4,33.0,90.5,0
1,12.8,34.7,32.5,107.4,1
0,13.7,29.1,32.6,88.5,0
1,12.7,26.9,30.7,85.3,1
1,14.5,29.8,33.8,88.5,0
1,12.3,34.8,32.0,108.6,1
1,13.3,30.7,33.1,94.7,0
1,14.1,27.5,33.5,80.0,0
1,14.3,29.1,32.3,91.7,0
0,8.8,28.8,32.6,86.3,1
0,13.8,19.8,29.2,66.9,1
1,15.9,25.5,33.0,77.4,0
1,13.7,29.0,33.1,86.6,1
1,13.8,30.4,32.5,93.6,0
0,9.7,37.1,32.2,115.9,1
0,12.5,35.0,34.1,102.2,0
0,12.6,24.2,32.8,72.7,1
1,15.1,34.8,34.7,99.0,0
0,12.7,27.8,33.4,82.9,0
0,14.2,29.5,35.5,84.0,0
0,12.2,36.2,36.6,97.9,0
0,15.3,31.3,35.1,90.8,0
1,15.6,28.6,36.1,78.1,0
0,9.0,29.5,32.2,93.1,1
1,15.4,30.0,30.2,98.6,0
0,13.0,32.7,33.6,98.0,0
0,12.2,31.0,32.2,95.3,0
0,12.0,29.1,33.4,86.1,0
0,13.9,33.0,33.2,100.3,0
0,13.8,27.7,33.9,82.1,0
0,12.6,32.1,35.3,91.0,0
1,15.9,34.1,35.3,97.8,0
0,12.1,26.4,33.7,80.0,0
1,12.1,35.5,35.7,99.2,0
1,14.3,28.7,30.9,91.3,0
1,15.9,29.6,33.3,91.1,0
0,13.9,23.1,30.3,75.1,1
0,14.4,27.7,33.4,83.4,0
0,9.3,19.0,31.9,64.9,1
0,13.1,24.0,31.2,78.0,0
1,9.0,32.2,35.1,90.1,1
0,13.4,18.7,26.3,72.2,1
0,13.7,27.3,33.5,81.0,0
1,10.9,25.7,31.7,79.6,1
1,15.2,32.0,35.4,88.3,0
1,13.8,33.0,35.4,93.1,0
0,10.2,18.1,28.6,65.2,1
0,11.7,23.9,30.8,77.0,1
1,12.8,27.0,34.8,77.0,0
0,12.5,28.3,32.1,87.1,0
0,13.2,29.0,33.4,87.0,0
0,14.5,32.0,33.6,93.5,0
0,9.7,29.3,34.9,83.9,1
0,11.8,32.4,37.0,88.0,0
0,13.8,30.5,35.2,86.8,0
1,12.9,27.7,33.2,82.9,0
1,13.4,32.8,34.1,94.7,0
1,15.2,25.3,32.7,77.9,0
0,11.7,21.3,31.1,65.3,1
0,11.1,36.4,34.7,103.1,1
0,11.0,23.2,31.7,73.8,1
1,13.7,29.7,32.5,90.7,0
1,13.5,24.4,35.1,69.6,1
0,10.3,23.3,29.1,80.5,1
1,12.3,31.2,36.9,86.1,1
0,13.5,33.5,34.8,95.0,0
1,12.5,30.1,32.6,93.3,0
1,16.2,30.0,34.0,89.0,0
1,15.8,27.4,33.2,82.9,0
1,14.0,28.6,32.8,87.9,0
1,14.1,29.8,32.6,92.1,0
0,13.2,28.8,34.0,82.7,0
1,9.3,20.6,31.2,66.8,1
0,15.6,29.3,33.7,86.5,0
1,15.7,33.5,35.9,94.2,0
1,10.4,29.8,34.8,87.1,1
1,10.0,30.0,35.6,85.2,1
0,11.2,26.2,32.6,82.3,1
1,11.6,20.1,31.3,64.4,1
1,15.0,28.2,33.6,83.7,0
1,12.2,26.4,31.6,84.3,1
0,12.8,29.6,31.7,92.6,0
0,13.3,28.5,33.2,86.5,0
0,14.5,31.2,32.6,94.0,0
0,13.2,29.6,33.7,88.8,0
1,16.1,31.2,34.6,88.9,0
0,10.2,21.2,28.8,74.9,1
1,8.7,42.0,33.8,123.8,1
0,12.8,29.3,35.3,83.6,0
0,15.2,34.3,35.8,97.0,0
1,11.2,28.0,34.6,79.1,1
1,7.4,23.5,31.3,73.7,1
0,15.0,31.6,33.9,91.6,0
1,12.3,20.5,27.8,71.2,1
1,13.1,30.1,34.6,88.1,0
0,14.9,33.1,36.4,91.7,0
1,12.0,23.6,32.9,74.2,1
1,14.4,28.2,33.8,85.5,0
1,15.2,35.1,34.7,99.2,0
0,10.9,29.6,33.4,90.3,1
1,11.7,24.7,30.8,79.6,1
0,14.5,29.5,32.5,91.2,0
0,12.1,27.3,32.3,82.5,0
0,14.7,32.1,34.0,95.8,0
0,8.8,24.6,31.1,80.7,1
1,13.9,26.4,31.2,86.2,0
1,15.8,32.8,35.4,94.6,0
1,11.6,22.6,29.5,78.0,1
0,14.9,26.4,31.9,85.8,0
0,12.5,28.3,32.1,88.9,0
0,14.5,33.1,34.6,94.7,0
1,12.5,31.1,33.5,92.0,1
0,12.9,30.3,32.5,92.0,0
1,15.2,31.1,34.7,89.3,0
1,9.1,28.2,34.4,80.1,1
0,13.9,29.0,31.6,92.5,0
1,13.9,30.7,35.2,89.9,0
0,13.8,32.4,34.9,94.0,0
1,15.1,30.3,32.8,91.7,0
1,14.7,34.4,33.2,102.6,0
0,15.2,32.7,34.8,94.5,0
0,13.3,29.6,33.9,88.3,0
1,13.1,29.4,33.6,87.6,0
1,12.9,30.0,33.5,87.9,1
0,11.2,26.4,33.1,80.6,1
1,10.5,23.2,33.0,71.3,1
1,12.0,21.2,30.8,70.3,1
1,14.7,31.9,33.9,92.7,0
0,13.1,33.2,35.1,94.9,1
1,14.5,26.1,34.2,76.6,0
1,13.3,22.6,29.0,77.8,1
0,9.6,25.3,30.8,81.0,1
0,10.1,20.7,31.4,66.9,1
1,12.5,17.9,27.4,65.4,1
0,11.9,33.8,35.1,96.6,0
1,14.6,29.6,33.4,87.5,0
0,13.4,32.4,34.3,95.2,0
0,13.7,34.5,35.0,97.5,0
1,16.7,24.0,31.2,79.4,0
0,10.4,20.8,29.9,70.4,1
1,13.5,30.5,35.7,86.4,1
0,12.9,24.5,33.3,76.2,0
1,9.8,25.7,33.6,74.7,1
0,10.4,22.7,31.2,72.0,1
0,11.8,19.2,27.8,71.0,1
1,12.7,31.5,33.1,94.3,1
0,13.8,29.7,35.5,85.3,0
1,8.9,18.9,28.0,68.4,1
0,10.6,33.0,32.5,103.7,1
1,12.1,26.5,33.3,80.7,0
0,15.6,32.0,33.5,95.2,0
1,9.5,33.9,33.5,101.7,1
0,11.3,31.4,34.1,92.0,0
0,10.8,23.9,29.5,78.8,1
0,11.8,33.3,32.7,101.3,1
0,13.7,29.1,33.0,89.4,0
1,15.0,27.2,30.8,90.0,0
0,9.6,34.3,31.1,109.2,1
1,13.5,29.2,31.6,92.4,0
0,12.6,29.4,32.9,90.2,0
0,12.2,28.8,33.4,85.2,0
1,13.7,29.4,34.0,86.7,0
1,12.1,28.8,33.8,85.5,1
0,13.4,28.0,32.4,86.6,0
0,11.2,28.7,31.8,89.8,1
0,13.2,31.5,32.2,97.2,0
1,15.1,34.6,32.9,103.2,0
1,13.3,16.8,26.5,62.5,1
0,11.2,26.4,31.7,82.7,1
1,15.6,31.5,34.4,88.7,0
1,15.7,31.0,33.6,92.4,0
1,16.0,29.6,33.1,90.1,0
1,13.9,28.6,33.5,84.5,0
0,10.5,24.2,33.1,74.2,1
0,15.0,30.1,34.0,89.3,0
0,11.3,30.8,32.3,95.8,0
0,14.6,30.5,32.6,92.6,0
1,15.2,22.8,29.9,76.4,1
1,11.4,35.4,33.7,105.2,1
0,13.8,28.8,33.2,87.8,0
0,10.3,23.7,31.5,75.0,1
0,15.8,30.9,33.7,92.4,0
1,12.6,28.7,32.6,91.0,0
0,9.9,25.7,31.4,81.0,1
